Zone_ID,demand,peak_share,night_share,weekend_share,lat,lon,demand_rank,peak_share_rank,night_share_rank
0,38888,0.3956,0.1827,0.2406,40.72,-74.0033,0.8667,0.7333,0.7333
1,52289,0.4595,0.1055,0.1565,40.7595,-73.979,1.0,0.9333,0.1333
2,4639,0.3468,0.1716,0.2548,40.651,-73.7847,0.5333,0.4,0.6
3,5135,0.4023,0.1141,0.2298,40.7657,-73.8674,0.6,0.8,0.2
4,1564,0.3331,0.1829,0.2321,40.7059,-74.182,0.3333,0.2,0.8
5,9522,0.3394,0.237,0.3716,40.7119,-73.9481,0.6667,0.2667,1.0
6,72,0.3194,0.1389,0.3194,41.0488,-73.3624,0.0667,0.1333,0.2667
7,50305,0.4043,0.1948,0.2335,40.74,-73.9948,0.9333,0.8667,0.8667
8,2729,0.3419,0.2026,0.3576,40.6503,-73.9473,0.4667,0.3333,0.9333
9,22520,0.4683,0.0851,0.2122,40.7794,-73.9589,0.8,1.0,0.0667
10,256,0.375,0.1602,0.2852,41.0078,-73.7451,0.2,0.4667,0.4
11,1934,0.3128,0.1665,0.2921,40.8564,-73.9201,0.4,0.0667,0.4667
12,9682,0.382,0.1668,0.3262,40.6813,-73.9857,0.7333,0.5333,0.5333
13,317,0.388,0.1735,0.2997,40.7487,-73.6221,0.2667,0.6,0.6667
14,148,0.3919,0.1486,0.1284,40.6642,-74.4168,0.1333,0.6667,0.3333
